epoch,accuracy,loss,lr,val_accuracy,val_loss
0,0.5421403646469116,0.9172864556312561,0.001,0.5767123103141785,0.7752448916435242
1,0.582124650478363,0.8231505155563354,0.001,0.5753424763679504,0.81938236951828
