epoch,accuracy,loss,lr,val_accuracy,val_loss
0,0.5405723452568054,0.8641003966331482,0.001,0.5369862914085388,0.8293938636779785
