epoch,accuracy,loss,lr,val_accuracy,val_loss
0,0.33855366706848145,1.3523012399673462,0.001,0.44680851697921753,1.268753170967102
